Nr;Name
1;Roulette
2;Drache
3;Krieg
4;Honig
5;Bombe
6;Kasino
7;Wolkenkratzer
8;Saturn
9;Alien
10;Peitsche
11;Antarktis
12;Schneemann
13;Konzert
14;Schokolade
15;Jet
16;Millionär
17;Dinosaurier
18;Pirat
19;Hupe
20;Pinguin
21;Spinne
22;Geschoss
23;Botschaft
24;Pistole
25;Krankheit
26;Spion
27;Prinzessin
28;Genie
29;Dieb
30;Oper
31;Ritter
32;Stadion
33;Limousine
34;Geist
35;Laster
36;Lakritze
37;Laser
38;Tod
39;Krankenhaus
40;Skelett
41;Oktopus
42;Hubschrauber
43;Känguru
44;Mikroskop
45;Zentaur
46;Superheld
47;Teleskop
48;Fallschirm
49;Schnabeltier
50;Olymp
51;Satellit
52;Engel
53;Roboter
54;Einhorn
55;Hexe
56;Bergsteiger
57;Taucher
58;Gift
59;Brücke
60;Feuer
61;Tisch
62;Wal
63;Mond
64;Fisch
65;Doktor
66;Kirche
67;Gürtel
68;Zitrone
69;Wind
70;Löwe
71;Auge
72;Luft
73;Hase
74;Bank
75;Gras
76;Auflauf
77;Zwerg
78;Wald
79;Auto
80;Burg
81;Apfel
82;Öl
83;Koch
84;Bär
85;Katze
86;Leben
87;Glück
88;Riese
89;Gesicht
90;Strand
91;Hotel
92;Wasser
93;Papier
94;Wurm
95;Anwalt
96;Forscher
97;Tanz
98;Karotte
99;Ketschup
100;Nacht
101;Meer
102;Fuss
103;Maus
104;Messer
105;Theater
106;Polizei
107;Schiff
108;Pilot
109;Daumen
110;Lehrer
111;Flasche
112;Tag
113;König
114;Glas
115;Königin
116;Zahn
117;Hund
118;Pferd
119;Schuh
120;Stuhl
121;Krone
122;Eis
123;Gold
124;Gabel
125;Zeit
126;Flöte
127;Fackel
128;Schnee
129;Elfenbein
130;Soldat
131;Pyramide
132;Schnur
133;Stern
134;Ring
135;Horn
136;Herz
137;Ball
138;Kanal
139;Nadel
140;Linie
141;Korb
142;Blau
143;Taste
144;Schirm
145;Spiel
146;Fleck
147;Knopf
148;Mund
149;Akt
150;Himalaja
151;Bett
152;Wand
153;Turm
154;Karte
155;Tor
156;Raute
157;Kreuz
158;Netz
159;Punkt
160;Pass
161;Fläche
162;Loch
163;Glocke
164;Kraft
165;Schloss
166;Maschine
167;Welle
168;Storm
169;Haupt
170;Pol
171;Mittel
172;Jahr
173;Leim
174;Seite
175;Bau
176;Kreis
177;Bindung
178;Uhr
179;New York
180;Australien
181;Bayern
182;Tokio
183;Ägypten
184;London
185;Morgenstern
186;Moskau
187;China
188;Shakespeare
189;Hollywood
190;Griechenland
191;Rom
192;Hand
193;Ninja
194;Brötchen
195;Kiwi
196;Deutschland
197;Staat
198;Amerikaner
199;Atlantis
200;England
201;Osten
202;Afrika
203;Alpen
204;Frankreich
205;Winnetou
206;Mexiko
207;Verein
208;Feder
209;Hamburger
210;Berlin
211;Adler
212;Europa
213;Loch Ness
214;Peking
215;Inka
216;Becken
217;Optik
218;Strasse
219;Essen
220;Siegel
221;Bart
222;Blüte
223;Moos
224;Abgabe
225;Bahn
226;Tafel
227;Bart
228;Quartett
229;Torte
230;Tau
231;Chemie
232;Arm
233;Linse
234;Kippe
235;Melone
236;Fuchs
237;Boot
238;Korn
239;Bande
240;Mal
241;Batterie
242;Dame
243;Pflaster
244;Erde
245;Messe
246;Ton
247;Römer
248;Stamm
249;Brand
250;Schild
251;Lippe
252;Miene
253;Kokos
254;Läufer
255;Bund
256;Elf
257;Iris
258;Gang
259;Pfeife
260;Kiel
261;Star
262;Leiter
263;Ladung
264;Bauer
265;Strudel
266;Bremse
267;Hahn
268;Kapele
269;Strauss
270;Satz
271;Grund
272;Kater
273;Matte
274;Kerze
275;Wirtschaft
276;Dichtung
277;Gehalt
278;Chor
279;Feige
280;Erika
281;Mangel
282;Rolle
283;Stock
284;Dietrich
285;Schule
286;Ente
287;Schotten
288;Mark
289;Lager
290;Fall
291;Jura
292;Niete
293;Geschirr
294;Knie
295;Drossel
296;Hering
297;Sekretär
298;Drucker
299;Blinker
300;Stift
301;Flügel
302;Schein
303;Funken
304;Bock
305;Po
306;Atlas
307;Stempel
308;Schelle
309;Leuchte
310;Umzug
311;Finger
312;Riegel
313;Mast
314;Käfer
315;Bogen
316;Wanze
317;Scheibe
318;Schalter
319;Schimmel
320;Demo
321;Bein
322;Börse
323;Takt
324;Fliege
325;Jäger
326;Kunde
327;Nuss
328;Schlange
329;Tempo
330;Bach
331;Vorsatz
332;Gericht
333;Kamm
334;Busch
335;Platte
336;Decke
337;Rücken
338;Maler
339;Heide
340;Boxer
341;Reif
342;Ausdruck
343;Zug
344;Kiefer
345;Washington
346;Mini
347;Gut
348;Kohle
349;Grad
350;Brause
351;Viertel
352;Rute
353;Bulle
354;Figur
355;Fest
356;Zoll
357;Loge
358;Mutter
359;Riemen
360;Verband
361;Hut
362;Watt
363;Horst
364;Luxemburg
365;Birne
366;Note
367;Film
368;Absatz
369;Blatt
370;Mandel
371;Indien
372;Fessel
373;Schale
374;Aufzug
375;Quelle
376;Harz
377;Wurf
378;Golf
379;Rost
380;Rost
381;Nagel
382;Toast
383;Zylinder
384;Muschel
385;Würfel
386;Weide
387;Kapitän
388;Lösung
389;Rasen
390;Rock
391;Krebs
392;Flur
393;Steuer
394;Zelle
395;Barren
396;Löffel
397;Futter
398;Schuppen
399;Orange
400;Pension